totalCarNumber,avg_overhead,std_overhead,var_overhead,median_overhead,q1_overhead,q3_overhead,p9_overhead,duration,label
300,2.1364209579960796,1.6863689508483717,2.843840238385438,1.669158741298547,1.3948493353377684,2.022251520002745,3.474898093546986,284.3709677419355,0
400,2.4701120201787683,3.303469348348092,10.912909735475367,1.7608197927105063,1.3332766156176472,2.305191454620499,3.410228602934488,345.4406779661017,0
300,2.8432032686145994,4.394139180526692,19.30845913783979,1.6376060531107928,1.3433517630912188,2.030748593948958,2.600967831266243,375.75531914893617,2
400,5.528450969191587,8.017961491921755,64.28770648594012,1.8519310328404284,1.403398791437155,3.1624492588637363,21.3224615882365,713.3582089552239,1
