totalCarNumber,avg_overhead,std_overhead,var_overhead,median_overhead,q1_overhead,q3_overhead,p9_overhead,label
500,1.9577420407745436,0.887838548722336,0.7882572885973838,1.779516684783945,1.3787925087458364,2.3008901647507507,2.871906574538849,0
400,1.7901407844384902,0.630764430465928,0.39786376674100654,1.6831428952710277,1.3321396455397678,2.090565603236461,2.516920361168206,0
300,1.7096003605547634,0.5597307478816514,0.3132985101241529,1.6109815944248773,1.3264024917641624,1.9423364180832872,2.379569266434422,0
200,1.6489380322023715,0.48480128662577304,0.23503228751400493,1.5650853374539817,1.315567467066484,1.8509477487527113,2.2026998341770727,0
