totalCarNumber,avg_overhead,std_overhead,var_overhead,median_overhead,q1_overhead,q3_overhead,p9_overhead,label
200,1.678199022932214,0.4867030674381792,0.2368798758537328,1.6184142504952037,1.315143096844849,1.919997675661041,2.297343705050661,0
300,1.7096779523512016,0.5071454153777883,0.25719647233870946,1.6330555082234093,1.3438134155009682,1.9560586021571955,2.3181565085885936,0
400,2.2511500105453526,3.6080002417356387,13.017665744364427,1.6606074317825654,1.3612797067742308,2.1035610844984762,2.666995313338963,1
300,1.7083203560769107,0.4845990061249426,0.23483619673728215,1.6369026516165812,1.3281140239487488,1.9941594054700733,2.3210084601148213,0
