totalCarNumber,avg_overhead,std_overhead,var_overhead,median_overhead,q1_overhead,q3_overhead,p9_overhead,label
200,1.706847455842256,0.5759384007087919,0.33170504141100093,1.576569041770353,1.3396761663309167,1.9054690733981667,2.321440540235269,0
300,2.2446543589369865,3.792361876701599,14.382008603859674,1.6117758504396158,1.3303866408894547,1.9590314917496707,2.4987089841093755,2
200,1.6913080308703297,1.2592890342040013,1.5858088716664462,1.5609568635756286,1.2953991198575223,1.8732060148665683,2.1737559986910515,0
300,2.4188372530428293,4.52632434416921,20.487612068618834,1.5996590100721582,1.3505273502497748,1.9662752158646213,2.4094818524291766,1
