totalCarNumber,avg_overhead,std_overhead,var_overhead,median_overhead,q1_overhead,q3_overhead,p9_overhead,label
200,1.6903390386423824,0.5022813363744434,0.2522865408700968,1.6007487198528902,1.3336980754514822,1.9122534178595636,2.30477369309092,2
300,2.3507611562769033,4.078746734281554,16.636174922412447,1.6599487416770926,1.3715161252746355,2.031466935948092,2.4858308311527244,1
400,2.1158884863081897,3.0306012066799592,9.184543673930024,1.6993591109665296,1.381597470899296,2.1287967440842337,2.5312248719229187,0
500,2.278334930614517,3.3083239595726686,10.94500742148258,1.7496641608873533,1.3597691303299206,2.2111053665239004,2.868604927245481,0
400,1.7943400750099503,0.6478619947855185,0.4197251642874712,1.6805725078175664,1.370407983505781,2.0426758613431435,2.524908758421794,2
300,1.6873450014825953,0.46183627266318494,0.2132927427474237,1.6151392642427764,1.3527274267328393,1.9238498721440487,2.2610113682836697,2
200,1.899600608696566,2.8035630513665897,7.859965782987942,1.5557471711067712,1.285889152138304,1.8508732870220133,2.2665949644621226,0
300,2.3603961337667276,4.222655401332419,17.83081863840186,1.650578080799302,1.3439119074617638,2.0053428975378402,2.4590844495105593,1
