totalCarNumber,avg_overhead,std_overhead,var_overhead,median_overhead,q1_overhead,q3_overhead,p9_overhead,label
200,1.6850984939684543,0.5468656011561519,0.2990619857278794,1.5758147891516325,1.3112068478527266,1.90647522567422,2.381171046640765,2
300,2.255874610329912,3.7661279566698553,14.18371978601026,1.5930366372327776,1.3316843700031065,1.9341673694899335,2.452279944008603,0
200,1.7442671193145387,1.596751353618895,2.5496148852837734,1.5784515211643824,1.3162291492178135,1.9018079264668877,2.259158630424871,1
300,2.2988011661619083,4.04394310407612,16.3534758290048,1.6389304825093458,1.3499712908182517,1.991920819354693,2.4173460749353146,0
