totalCarNumber,numberOfTrips,var_overhead,median_overhead,q1_overhead,q3_overhead,p9_overhead
200,593,0.2802581911379259,1.552065992478327,1.292694457697238,1.9144242011051398,2.29693529823047
300,1130,11.449977707573433,1.6191219090334652,1.3362989034088584,1.9622070693908997,2.369676809555557
